params,mean_train_score,mean_test_score,std_test_score,rank_test_score
"{'C': 0.1, 'gamma': 0.01, 'kernel': 'rbf'}",0.9020510388487916,0.8894620677229375,0.045754545027388405,1
"{'C': 0.1, 'gamma': 'scale', 'kernel': 'rbf'}",0.9178672825302039,0.8891017195365022,0.04373047992320861,2
"{'C': 0.1, 'gamma': 'auto', 'kernel': 'rbf'}",0.9177603108501986,0.8891017195365022,0.04373047992320861,2
"{'C': 0.1, 'degree': 3, 'gamma': 'scale', 'kernel': 'poly'}",0.9421028035634776,0.8888094996790649,0.05040606402410579,4
"{'C': 0.1, 'degree': 3, 'gamma': 'auto', 'kernel': 'poly'}",0.942036764733394,0.8884621015055796,0.04939130408310615,5
"{'C': 0.1, 'gamma': 0.1, 'kernel': 'rbf'}",0.9211156446549704,0.8880482641352205,0.04537522183149036,6
"{'C': 1, 'gamma': 0.01, 'kernel': 'rbf'}",0.9149867174024477,0.8827415740459219,0.04350653157522533,7
"{'C': 0.1, 'kernel': 'linear'}",0.9136356527367763,0.8820225668051755,0.05365870088396433,8
"{'C': 10, 'gamma': 0.01, 'kernel': 'rbf'}",0.9364570261199475,0.8817207751990361,0.04256470157134593,9
"{'C': 1, 'gamma': 'auto', 'kernel': 'rbf'}",0.9664427520045498,0.8806735132822089,0.04190637467089057,10
"{'C': 1, 'gamma': 'scale', 'kernel': 'rbf'}",0.9659734647375096,0.8799894147720234,0.041286229923797255,11
"{'C': 100, 'kernel': 'linear'}",0.9168560278672638,0.875925925925926,0.04719019901380512,12
"{'C': 1, 'kernel': 'linear'}",0.9159304178967101,0.8751703208224948,0.04711189152307725,13
"{'C': 10, 'kernel': 'linear'}",0.9168776728889089,0.8745661745661746,0.048941856319445025,14
"{'C': 1, 'gamma': 0.1, 'kernel': 'rbf'}",0.9770730393202303,0.8731090165872775,0.03996121868788709,15
"{'C': 1, 'degree': 3, 'gamma': 'auto', 'kernel': 'poly'}",0.9748201049886441,0.8695652173913043,0.043323171761513096,16
"{'C': 1, 'degree': 3, 'gamma': 'scale', 'kernel': 'poly'}",0.9754928217849566,0.8695393173654044,0.04235329599327516,17
"{'C': 100, 'gamma': 0.01, 'kernel': 'rbf'}",0.9769349564293384,0.8679295744513137,0.04167360105046383,18
"{'C': 10, 'gamma': 'scale', 'kernel': 'rbf'}",0.9984365260207957,0.8610660675878068,0.0479565858355767,19
"{'C': 10, 'gamma': 'auto', 'kernel': 'rbf'}",0.9984365260207957,0.8596393139871401,0.046677253325793394,20
"{'C': 10, 'gamma': 0.1, 'kernel': 'rbf'}",1.0,0.8573527921354008,0.0388261879600073,21
"{'C': 10, 'degree': 3, 'gamma': 'scale', 'kernel': 'poly'}",0.9996350278934548,0.8499560825647782,0.033447641562148724,22
"{'C': 10, 'degree': 3, 'gamma': 'auto', 'kernel': 'poly'}",0.9996564297126096,0.8489200815287772,0.03324602044217485,23
"{'C': 100, 'gamma': 0.1, 'kernel': 'rbf'}",1.0,0.8485850703242008,0.04687780803053724,24
"{'C': 100, 'gamma': 'auto', 'kernel': 'rbf'}",1.0,0.8376445615576051,0.050065424569465736,25
"{'C': 100, 'gamma': 'scale', 'kernel': 'rbf'}",1.0,0.8373078612209047,0.05025708692433323,26
"{'C': 0.1, 'gamma': 1, 'kernel': 'rbf'}",1.0,0.7847640282422891,0.030122538251376202,27
"{'C': 1, 'gamma': 1, 'kernel': 'rbf'}",1.0,0.7844143778926387,0.029658001173704266,28
"{'C': 100, 'gamma': 1, 'kernel': 'rbf'}",1.0,0.782331677983852,0.026945145234982728,29
"{'C': 10, 'gamma': 1, 'kernel': 'rbf'}",1.0,0.782331677983852,0.026945145234982728,29
"{'C': 1, 'degree': 2, 'gamma': 'scale', 'kernel': 'poly'}",0.8998222189795223,0.7150304606826345,0.03417966546879649,31
"{'C': 1, 'degree': 2, 'gamma': 'auto', 'kernel': 'poly'}",0.8996908148031745,0.7143311599833339,0.03488060144409172,32
"{'C': 10, 'degree': 2, 'gamma': 'scale', 'kernel': 'poly'}",0.9468606300066975,0.7031997792867356,0.05157642620286594,33
"{'C': 10, 'degree': 2, 'gamma': 'auto', 'kernel': 'poly'}",0.9468377502647165,0.7028349267479701,0.0523989935349047,34
"{'C': 0.1, 'degree': 2, 'gamma': 'scale', 'kernel': 'poly'}",0.808868977464483,0.6692369627152235,0.03969587848920025,35
"{'C': 0.1, 'degree': 2, 'gamma': 'auto', 'kernel': 'poly'}",0.8091034246652224,0.6689002623785232,0.039155548818859943,36
